{
  "className": "Model",
  "properties": {
    "Scale": 0.874157,
    "WorldPivotData": {
      "OptionalCFrame": {
        "position": [-10.902317, 7.353879, 203.99577],
        "orientation": [[-0.7071067, 1.8190443e-7, 0.7071067], [0.7071067, -3.0908623e-8, 0.7071067], [1.5048154e-7, 1.0, -1.06770166e-7]]
      }
    }
  }
}
