{
  "className": "Motor6D",
  "properties": {
    "C0": [0, -0.618797, 0, 1, 0, 0, 0, 1, 0, 0, 0, 1],
    "C1": [0, 0.081944, 0, 1, 0, 0, 0, 1, 0, 0, 0, 1]
  }
}
