{
  "className": "Model",
  "properties": {
    "WorldPivotData": {
      "OptionalCFrame": {
        "position": [-37.57586, 15.981709, 166.95874],
        "orientation": [[5.2125306e-16, 1.0, -4.371139e-8], [0.0, -4.371139e-8, -0.9999999], [-0.9999999, 0.0, 0.0]]
      }
    }
  }
}
