{
  "className": "Motor6D",
  "properties": {
    "C0": [0.839772, 0.75888, 0, 1, 0, 0, 0, 1, 0, 0, 0, 1],
    "C1": [-0.253595, 0.628544, 0, 1, 0, 0, 0, 1, 0, 0, 0, 1]
  }
}
