{
  "className": "Weld",
  "properties": {
    "C0": [-0.000049, 0.600071, -0.000403, 1, 0, 0, 0, 1, 0, 0, 0, 1],
    "C1": [0, 0.6, 0, 1, 0, 0, 0, 1, 0, 0, 0, 1]
  }
}
