{
  "className": "Weld",
  "properties": {
    "C0": [-0.009298, 0.052712, -0.021437, 1, 0, 0, 0, 1, 0, 0, 0, 1],
    "C1": [0, 0, -0.6, 1, 0, 0, 0, 1, 0, 0, 0, 1]
  }
}
