{
  "className": "Motor6D",
  "properties": {
    "C0": [0, -1.205244, 0.000024, 1, 0, 0, 0, 1, 0, 0, 0, 1],
    "C1": [0, 0.642825, 0.000024, 1, 0, 0, 0, 1, 0, 0, 0, 1]
  }
}
