{
  "className": "Motor6D",
  "properties": {
    "C0": [0.000487, -0.835156, 0, 1, 0, 0, 0, 1, 0, 0, 0, 1],
    "C1": [0.000386, 0.186953, 0, 1, 0, 0, 0, 1, 0, 0, 0, 1]
  }
}
