{
  "className": "Model",
  "properties": {
    "Scale": 1.234205,
    "WorldPivotData": {
      "OptionalCFrame": {
        "position": [22.999996, 8.423594, -26.676453],
        "orientation": [[0.99999994, -4.3711385e-8, 4.206344e-23], [4.3711385e-8, 0.99999994, 4.3711385e-8], [-3.5527137e-15, -4.371139e-8, 1.0]]
      }
    }
  }
}
