{
  "className": "Model",
  "properties": {
    "WorldPivotData": {
      "OptionalCFrame": {
        "position": [147.73534, 6.8139105, 194.06573],
        "orientation": [[1.0, 1.3668806e-30, 0.0], [1.3668806e-30, 1.0, 0.0], [0.0, 0.0, 1.0]]
      }
    }
  }
}
