{
  "className": "Model",
  "properties": {
    "WorldPivotData": {
      "OptionalCFrame": {
        "position": [-55.74015, 24.988958, -3.8607926],
        "orientation": [[-0.4067362, 0.0, -0.9135458], [0.0, 1.0, 0.0], [0.9135458, 0.0, -0.4067362]]
      }
    }
  }
}
