{
  "className": "Model",
  "properties": {
    "WorldPivotData": {
      "OptionalCFrame": {
        "position": [-22.377907, 6.554928, 156.89058],
        "orientation": [[-0.99999994, 0.0, 0.0], [0.0, 5.9604645e-8, 0.9999999], [0.0, 0.9999999, -5.9604645e-8]]
      }
    }
  }
}
