{
  "className": "Weld",
  "properties": {
    "C0": [-0.12848, -0.920767, 0.013857, 1, 0, 0, 0, 1, 0, 0, 0, 1],
    "C1": [0, 0.977737, 0, 1, 0, 0, 0, 1, 0, 0, 0, 1]
  }
}
