{
  "className": "Camera",
  "properties": {
    "CFrame": [-24.418254, 25.12301, 6.968113, 0.250886, 0.406352, -0.878597, 0, 0.907626, 0.419778, 0.968016, -0.105316, 0.22771],
    "Focus": [-22.661054, 24.283451, 6.512691, 1, 0, 0, 0, 1, 0, 0, 0, 1]
  }
}
