{
  "className": "Camera",
  "properties": {
    "CFrame": [135.972808, 31.673793, 183.894302, -0.254393, 0.076298, -0.964086, 0, 0.996883, 0.078894, 0.9671, 0.02007, -0.2536],
    "Focus": [137.900985, 31.516004, 184.401504, 1, 0, 0, 0, 1, 0, 0, 0, 1]
  }
}
