{
  "className": "Camera",
  "properties": {
    "CFrame": [-2.256689, 28.737754, 3.390668, 0.768665, 0.416407, -0.485549, 0, 0.759085, 0.650991, 0.639651, -0.500394, 0.583482],
    "Focus": [-1.28559, 27.435771, 2.223703, 1, 0, 0, 0, 1, 0, 0, 0, 1]
  }
}
