{
  "className": "Camera",
  "properties": {
    "CFrame": [116.381202, 62.701023, 57.940589, -0.800191, 0.029744, 0.599007, 0, 0.998769, -0.049594, -0.599745, -0.039685, -0.799206],
    "Focus": [115.183189, 62.800212, 59.539001, 1, 0, 0, 0, 1, 0, 0, 0, 1]
  }
}
