{
  "className": "Camera",
  "properties": {
    "CFrame": [37.083614, 13.14981, 21.68321, 0.869009, -0.176195, 0.46236, 0, 0.934448, 0.356098, -0.494794, -0.309453, 0.812044],
    "Focus": [36.158893, 12.437613, 20.05912, 1, 0, 0, 0, 1, 0, 0, 0, 1]
  }
}
