{
  "className": "Camera",
  "properties": {
    "CFrame": [125.09687, 46.699825, 108.211174, 0.907201, 0.022218, 0.420109, 0, 0.998604, -0.052814, -0.420696, 0.047913, 0.905935],
    "Focus": [124.256652, 46.805454, 106.399307, 1, 0, 0, 0, 1, 0, 0, 0, 1]
  }
}
