{
  "className": "Camera",
  "properties": {
    "CFrame": [-2.930967, 28.442581, 2.751976, 0.305695, 0.479306, -0.822688, 0, 0.86405, 0.503404, 0.952129, -0.153888, 0.264136],
    "Focus": [-1.28559, 27.435771, 2.223703, 1, 0, 0, 0, 1, 0, 0, 0, 1]
  }
}
