{
  "className": "Motor6D",
  "properties": {
    "C0": [-0.839712, 0.75888, 0, 1, 0, 0, 0, 1, 0, 0, 0, 1],
    "C1": [0.254587, 0.683309, 0, 1, 0, 0, 0, 1, 0, 0, 0, 1]
  }
}
