{
  "className": "Motor6D",
  "properties": {
    "C0": [-1, -1, 0, 0, 0, -1, 0, 0.999997, 0, 1, 0, 0],
    "C1": [-0.5, 1, 0, 0, 0, -1, 0, 0.999997, 0, 1, 0, 0],
    "MaxVelocity": 0.1
  }
}
