{
  "className": "Model",
  "properties": {
    "WorldPivotData": {
      "OptionalCFrame": {
        "position": [-21.921997, 3.0, -163.58148],
        "orientation": [[-0.9999982, 0.0, 2.710503e-20], [0.0, 1.0, 0.0], [2.710503e-20, 0.0, -1.0]]
      }
    }
  }
}
