{
  "className": "Weld",
  "properties": {
    "C0": [1.303921, 0, 0, 0, 0, 1, 0, 1, 0, -1, 0, 0],
    "C1": [-0.65196, -0.391178, 0, 0, 0, 1, 0, 1, 0, -1, 0, 0]
  }
}
