{
  "className": "Motor6D",
  "properties": {
    "C0": [0, 0.300461, 0, 1, 0, 0, 0, 1, 0, 0, 0, 1],
    "C1": [0, -0.620901, 0, 1, 0, 0, 0, 1, 0, 0, 0, 1]
  }
}
