{
  "className": "Motor6D",
  "properties": {
    "C0": [0, -1.928479, 0.000055, 1, 0, 0, 0, 1, 0, 0, 0, 1],
    "C1": [0, 0.053051, 0.000099, 1, 0, 0, 0, 1, 0, 0, 0, 1]
  }
}
