{
  "className": "Model",
  "properties": {
    "WorldPivotData": {
      "OptionalCFrame": {
        "position": [-20.34803, 26.12631, 133.46729],
        "orientation": [[-1.0, 0.0, 0.0], [0.0, 0.9999999, 0.0], [0.0, 0.0, -0.9999999]]
      }
    }
  }
}
