{
  "className": "Weld",
  "properties": {
    "C0": [-0.000028, 0.445098, -0.000232, 1, 0, 0, 0, 1, 0, 0, 0, 1],
    "C1": [0, 0.5652, 0, 1, 0, 0, 0, 1, 0, 0, 0, 1]
  }
}
