{
  "className": "Weld",
  "properties": {
    "C0": [-0.000028, 0.445099, -0.000233, 1, 0, 0, 0, 1, 0, 0, 0, 1],
    "C1": [0, 0.532418, 0, 1, 0, 0, 0, 1, 0, 0, 0, 1]
  }
}
