{
  "className": "Motor6D",
  "properties": {
    "C0": [0, -0.768221, 0, 1, 0, 0, 0, 1, 0, 0, 0, 1],
    "C1": [0, 0.186953, 0, 1, 0, 0, 0, 1, 0, 0, 0, 1]
  }
}
