{
  "className": "Motor6D",
  "properties": {
    "C0": [0, -1.106438, 0, 1, 0, 0, 0, 1, 0, 0, 0, 1],
    "C1": [0, 0.68477, 0, 1, 0, 0, 0, 1, 0, 0, 0, 1]
  }
}
