{
  "className": "Motor6D",
  "properties": {
    "C0": [0.458568, -0.109258, 0, 1, 0, 0, 0, 1, 0, 0, 0, 1],
    "C1": [0, 2.00874, 0, 1, 0, 0, 0, 1, 0, 0, 0, 1]
  }
}
