{
  "className": "Motor6D",
  "properties": {
    "C0": [0, 1.103825, 0, 1, 0, 0, 0, 1, 0, 0, 0, 1],
    "C1": [0, -0.443681, 0, 1, 0, 0, 0, 1, 0, 0, 0, 1]
  }
}
