{
  "className": "Model",
  "properties": {
    "Scale": 0.874157,
    "WorldPivotData": {
      "OptionalCFrame": {
        "position": [6.865757, 4.6012, 191.29504],
        "orientation": [[0.0, 0.9999999, -5.9604645e-8], [0.0, 5.9604645e-8, 0.9999999], [0.99999994, 0.0, 0.0]]
      }
    }
  }
}
