{
  "className": "Motor6D",
  "properties": {
    "C0": [0, 1.303921, 0, -1, 0, 0, 0, 0, 1, 0, 1, 0],
    "C1": [0, -0.65196, 0, -1, 0, 0, 0, 0, 1, 0, 1, 0],
    "MaxVelocity": 0.1
  }
}
