{
  "className": "Model",
  "properties": {
    "WorldPivotData": {
      "OptionalCFrame": {
        "position": [-52.261417, 37.901413, -0.57555103],
        "orientation": [[-2.9802322e-8, 0.0, 1.0000005], [0.0, 1.0, 0.0], [-1.0000005, 0.0, 2.9802322e-8]]
      }
    }
  }
}
