{
  "className": "Motor6D",
  "properties": {
    "C0": [0.000487, -0.303693, 0, 1, 0, 0, 0, 1, 0, 0, 0, 1],
    "C1": [0.000487, 0.379616, 0, 1, 0, 0, 0, 1, 0, 0, 0, 1]
  }
}
