{
  "className": "Model",
  "properties": {
    "WorldPivotData": {
      "OptionalCFrame": {
        "position": [179.19385, 14.176817, 178.93184],
        "orientation": [[-5.2125306e-16, -1.0, 4.371139e-8], [1.1924881e-8, -4.371139e-8, -1.0], [0.99999994, 0.0, 1.192488e-8]]
      }
    }
  }
}
