{
  "className": "Weld",
  "properties": {
    "C0": [-0.005378, 0.039099, -0.012399, 1, 0, 0, 0, 1, 0, 0, 0, 1],
    "C1": [0, 0, -0.482, 1, 0, 0, 0, 1, 0, 0, 0, 1]
  }
}
