{
  "className": "Motor6D",
  "properties": {
    "C0": [0, -2.054307, 0, 1, 0, 0, 0, 1, 0, 0, 0, 1],
    "C1": [0, 0.076982, 0, 1, 0, 0, 0, 1, 0, 0, 0, 1]
  }
}
