{
  "className": "Model",
  "properties": {
    "WorldPivotData": {
      "OptionalCFrame": {
        "position": [-36.87731, 23.991007, 151.1178],
        "orientation": [[-1.0, 0.0, 0.0], [0.0, 0.70710677, -0.70710677], [0.0, -0.70710677, -0.70710677]]
      }
    }
  }
}
