{
  "className": "Snap",
  "properties": {
    "C0": [0, 1.303921, 0, -1, 0, 0, 0, 0, 1, 0, 1, 0],
    "C1": [-0.65196, -1.303921, 0, -1, 0, 0, 0, 0, 1, 0, 1, 0]
  }
}
