{
  "className": "Weld",
  "properties": {
    "C0": [-0.12622, -0.60638, 0.013435, 1, 0, 0, 0, 1, 0, 0, 0, 1],
    "C1": [0, 1, 0, 1, 0, 0, 0, 1, 0, 0, 0, 1]
  }
}
