{
  "className": "Motor6D",
  "properties": {
    "C0": [0, -0.279353, 0, 1, 0, 0, 0, 1, 0, 0, 0, 1],
    "C1": [0, 0.349191, 0, 1, 0, 0, 0, 1, 0, 0, 0, 1]
  }
}
